{"cameraMode":{"drawMode":0,"name":"Shaded","section":"Shading Mode"},"sceneLighting":true,"audioPlay":false,"sceneViewState":{"m_AlwaysRefresh":false,"showFog":true,"showSkybox":true,"showFlares":true,"showImageEffects":true,"showParticleSystems":true,"showVisualEffectGraphs":true,"m_FxEnabled":true},"in2DMode":false,"pivot":{"x":3.757349967956543,"y":4.927752494812012,"z":-4.556211471557617},"rotation":{"x":0.03976617380976677,"y":-0.07785903662443161,"z":0.0031078332103788854,"w":0.9961668252944946},"size":8.43258285522461,"orthographic":false}